name,category,quantity,unit price,ext price,date
Alpha Corp,Electronics,29,78.75,2283.75,26-01-2022 06:24
Beta Inc.,Electronics,24,103.37,2480.88,17-06-2023 01:13
Beta Inc.,Apparel,4,48.1,192.4,13-11-2023 17:45
Beta Inc.,Home Goods,24,83.3,1999.2,20-01-2022 09:53
Beta Inc.,Books,20,111.27,2225.4,15-09-2022 08:03
Alpha Corp,Books,28,75.18,2105.04,12-11-2022 22:49
Delta Enterprises,Books,11,82.36,905.96,23-04-2023 14:28
Alpha Corp,Home Goods,9,143.72,1293.48,09-08-2022 23:57
Beta Inc.,Books,5,66.55,332.75,12-12-2023 01:28
Delta Enterprises,Books,18,67.51,1215.18,13-07-2023 17:42
Alpha Corp,Apparel,23,37.19,855.37,16-01-2022 20:32
Gamma Ltd.,Electronics,5,140.11,700.55,29-06-2023 14:01
Alpha Corp,Toys,24,21.82,523.68,14-04-2023 09:57
Kappa Systems,Apparel,10,113.33,1133.3,04-03-2023 16:14
Gamma Ltd.,Home Goods,19,19.51,370.69,10-08-2022 21:41
Iota Partners,Toys,20,48.75,975,23-09-2023 01:54
Theta Co.,Toys,8,74.37,594.96,15-01-2023 22:04
Eta Holdings,Electronics,12,115.31,1383.72,22-07-2023 00:26
Theta Co.,Electronics,5,124,620,01-02-2022 06:52
Gamma Ltd.,Toys,23,62.54,1438.42,13-05-2022 10:23
Eta Holdings,Toys,24,116.69,2800.56,27-11-2022 07:00
Theta Co.,Books,3,76.39,229.17,01-12-2023 08:15
Delta Enterprises,Electronics,21,129.8,2725.8,23-03-2023 14:12
Zeta Group,Books,3,98.79,296.37,26-11-2022 18:22
Alpha Corp,Apparel,14,121.53,1701.42,24-09-2022 14:03
Delta Enterprises,Books,16,46.26,740.16,22-09-2022 19:49
Iota Partners,Apparel,8,138.81,1110.48,26-07-2022 14:43
Delta Enterprises,Books,12,62.72,752.64,09-09-2022 08:19
Theta Co.,Home Goods,9,89.67,807.03,27-06-2023 15:48
Gamma Ltd.,Toys,17,148.22,2519.74,24-01-2022 09:05
Epsilon Solutions,Home Goods,17,43.36,737.12,15-02-2022 05:18
Theta Co.,Books,16,78.77,1260.32,19-04-2022 06:35
Gamma Ltd.,Apparel,16,10.19,163.04,17-01-2022 17:54
Iota Partners,Home Goods,29,109.55,3176.95,17-03-2023 03:01
Kappa Systems,Home Goods,16,19.7,315.2,22-12-2022 19:45
Epsilon Solutions,Books,20,106.37,2127.4,08-10-2023 14:46
Delta Enterprises,Electronics,7,145.31,1017.17,31-01-2023 01:03
Theta Co.,Books,24,143.34,3440.16,30-03-2022 10:54
Delta Enterprises,Apparel,19,79.78,1515.82,23-11-2023 02:44
Epsilon Solutions,Books,17,53.86,915.62,01-03-2023 07:01
Eta Holdings,Books,5,98.06,490.3,01-02-2023 06:05
Alpha Corp,Toys,10,31.01,310.1,06-04-2023 21:18
Iota Partners,Toys,5,83.38,416.9,20-12-2022 08:08
Zeta Group,Electronics,19,20.27,385.13,31-03-2023 02:18
Zeta Group,Apparel,2,26.28,52.56,23-08-2022 08:43
Zeta Group,Home Goods,17,101.12,1719.04,12-06-2023 00:39
Alpha Corp,Books,9,117.34,1056.06,28-05-2023 03:48
Beta Inc.,Electronics,3,34.3,102.9,08-12-2022 06:23
Kappa Systems,Toys,22,107.18,2357.96,26-08-2023 21:36
Epsilon Solutions,Apparel,17,54.05,918.85,10-09-2023 20:30
Eta Holdings,Home Goods,8,46.14,369.12,17-12-2023 09:13
Beta Inc.,Apparel,11,76.39,840.29,17-12-2023 16:15
Delta Enterprises,Books,17,72.43,1231.31,05-03-2023 07:56
Zeta Group,Home Goods,19,149.05,2831.95,28-06-2023 08:05
Iota Partners,Apparel,19,116.59,2215.21,17-02-2022 13:53
Beta Inc.,Electronics,4,107.33,429.32,04-12-2023 09:35
Gamma Ltd.,Apparel,15,27.85,417.75,25-10-2022 05:51
Beta Inc.,Toys,21,10.69,224.49,12-05-2023 14:53
Delta Enterprises,Home Goods,15,126.95,1904.25,04-05-2022 02:16
Beta Inc.,Toys,24,104.93,2518.32,01-12-2022 02:31
Kappa Systems,Books,15,111.2,1668,04-09-2022 17:17
Eta Holdings,Toys,1,81.66,81.66,09-08-2022 14:21
Gamma Ltd.,Books,12,148.73,1784.76,16-04-2022 11:02
Gamma Ltd.,Home Goods,26,140.27,3647.02,07-05-2022 09:49
Gamma Ltd.,Books,15,103.58,1553.7,22-01-2023 09:26
Gamma Ltd.,Books,19,112.84,2143.96,09-07-2023 00:41
Kappa Systems,Apparel,9,118.79,1069.11,02-11-2023 19:54
Zeta Group,Books,12,67.08,804.96,26-11-2022 20:28
Iota Partners,Books,15,71.24,1068.6,28-07-2023 05:55
Theta Co.,Toys,23,23.59,542.57,14-03-2022 14:12
Alpha Corp,Home Goods,7,49.23,344.61,19-03-2022 23:58
Iota Partners,Home Goods,1,28.7,28.7,02-02-2023 08:00
Iota Partners,Electronics,27,127.15,3433.05,15-06-2023 12:24
Delta Enterprises,Home Goods,10,142.97,1429.7,10-11-2023 03:45
Epsilon Solutions,Electronics,20,54.01,1080.2,30-09-2022 00:07
Eta Holdings,Home Goods,22,80.47,1770.34,02-05-2023 14:02
Iota Partners,Electronics,18,12.26,220.68,10-07-2023 08:39
Theta Co.,Books,3,127.04,381.12,06-08-2022 11:01
Epsilon Solutions,Toys,9,31.96,287.64,17-04-2022 20:55
Epsilon Solutions,Apparel,11,95.64,1052.04,28-01-2022 00:55
Kappa Systems,Apparel,28,123.91,3469.48,27-09-2022 16:56
Zeta Group,Electronics,27,121.4,3277.8,26-02-2022 23:22
Kappa Systems,Toys,13,61.2,795.6,26-08-2022 18:43
Epsilon Solutions,Toys,18,124.72,2244.96,16-06-2022 15:59
Gamma Ltd.,Electronics,14,13.72,192.08,09-01-2023 06:16
Epsilon Solutions,Apparel,16,85.82,1373.12,30-04-2022 13:48
Eta Holdings,Apparel,14,60.86,852.04,31-07-2023 18:35
Epsilon Solutions,Electronics,1,64.43,64.43,27-11-2022 21:50
Kappa Systems,Apparel,3,107.77,323.31,20-08-2022 07:27
Theta Co.,Apparel,11,149.42,1643.62,07-10-2022 22:52
Kappa Systems,Apparel,7,137.81,964.67,29-05-2022 12:38
Zeta Group,Electronics,2,53.92,107.84,09-08-2023 22:23
Delta Enterprises,Toys,25,83,2075,28-01-2023 13:53
Iota Partners,Home Goods,24,124.6,2990.4,12-06-2022 05:27
Zeta Group,Toys,3,74.94,224.82,21-08-2022 09:17
Theta Co.,Toys,27,59.04,1594.08,14-08-2022 10:34
Theta Co.,Books,28,14.73,412.44,21-02-2023 20:08
Beta Inc.,Home Goods,17,13.6,231.2,10-10-2022 18:03
Iota Partners,Apparel,18,34.64,623.52,30-11-2022 02:38
Beta Inc.,Home Goods,2,57.47,114.94,08-05-2023 22:19
Theta Co.,Toys,24,87.03,2088.72,05-09-2023 00:06
Zeta Group,Home Goods,9,60,540,29-07-2022 03:33
Beta Inc.,Home Goods,14,135.58,1898.12,14-03-2022 23:53
Epsilon Solutions,Toys,28,128.85,3607.8,23-03-2023 14:09
Kappa Systems,Electronics,5,144.07,720.35,24-02-2022 16:34
Theta Co.,Apparel,26,46.88,1218.88,08-04-2022 15:28
Theta Co.,Books,20,102.68,2053.6,07-03-2023 14:15
Epsilon Solutions,Toys,13,16.78,218.14,29-04-2023 22:13
Eta Holdings,Apparel,8,39.91,319.28,23-02-2023 04:25
Kappa Systems,Apparel,22,78.37,1724.14,24-06-2023 04:12
Zeta Group,Apparel,20,119.4,2388,02-01-2022 15:28
Zeta Group,Apparel,6,77.25,463.5,24-01-2022 04:47
Iota Partners,Books,16,28.02,448.32,21-03-2022 16:37
Delta Enterprises,Electronics,8,79.47,635.76,12-05-2022 02:35
Eta Holdings,Toys,28,53.47,1497.16,14-10-2022 19:58
Iota Partners,Electronics,9,20.14,181.26,09-07-2023 08:00
Eta Holdings,Apparel,15,149.42,2241.3,03-06-2022 21:42
Eta Holdings,Books,27,91.03,2457.81,16-05-2022 07:45
Gamma Ltd.,Home Goods,3,12.82,38.46,13-07-2023 03:20
Eta Holdings,Books,10,64.12,641.2,12-10-2023 08:38
Epsilon Solutions,Toys,13,146.01,1898.13,21-10-2022 11:46
Beta Inc.,Home Goods,6,110.66,663.96,06-10-2023 01:41
Zeta Group,Home Goods,26,34.57,898.82,14-12-2022 06:14
Delta Enterprises,Apparel,12,60.54,726.48,23-09-2022 05:58
Gamma Ltd.,Books,12,85.3,1023.6,10-04-2022 15:38
Kappa Systems,Apparel,28,42.41,1187.48,03-11-2022 06:36
Zeta Group,Toys,10,22.86,228.6,30-09-2022 01:12
Iota Partners,Home Goods,20,73.71,1474.2,27-03-2023 08:37
Delta Enterprises,Electronics,10,72.23,722.3,06-12-2023 19:02
Delta Enterprises,Electronics,1,42.75,42.75,05-10-2023 13:19
Theta Co.,Apparel,16,143.95,2303.2,02-05-2022 14:54
Iota Partners,Books,25,114.3,2857.5,16-10-2022 22:45
Theta Co.,Apparel,16,103.5,1656,07-05-2022 22:08
Alpha Corp,Toys,17,43.78,744.26,26-09-2023 10:16
Kappa Systems,Books,21,113.8,2389.8,18-08-2022 23:24
Epsilon Solutions,Apparel,29,79.41,2302.89,09-07-2023 13:38
Alpha Corp,Home Goods,23,81.23,1868.29,19-12-2023 15:48
Beta Inc.,Books,5,143.78,718.9,22-08-2023 21:39
Beta Inc.,Electronics,14,122.04,1708.56,20-11-2023 08:41
Epsilon Solutions,Electronics,13,106.64,1386.32,13-08-2023 12:45
Eta Holdings,Books,5,73.17,365.85,09-08-2023 01:02
Alpha Corp,Books,3,82.59,247.77,18-06-2022 13:32
Eta Holdings,Apparel,20,32.04,640.8,13-12-2023 22:18
Epsilon Solutions,Electronics,23,65.62,1509.26,23-01-2022 11:23
Kappa Systems,Books,16,135.18,2162.88,08-05-2022 12:50
Beta Inc.,Electronics,28,128.9,3609.2,18-03-2022 03:38
Gamma Ltd.,Home Goods,24,42.73,1025.52,27-10-2023 03:08
Kappa Systems,Home Goods,14,28.46,398.44,10-06-2023 07:23
Eta Holdings,Apparel,19,46.41,881.79,04-08-2022 18:20
Delta Enterprises,Apparel,9,114.29,1028.61,24-01-2023 12:36
Iota Partners,Books,2,92.4,184.8,08-10-2023 10:12
Kappa Systems,Books,6,30.51,183.06,07-02-2022 10:47
Alpha Corp,Toys,1,24.41,24.41,14-10-2022 09:44
Zeta Group,Books,8,75.01,600.08,21-10-2023 04:32
Delta Enterprises,Toys,11,145.41,1599.51,08-08-2022 08:28
Iota Partners,Apparel,24,145.99,3503.76,11-01-2022 20:28
Iota Partners,Home Goods,27,103.18,2785.86,16-06-2023 13:38
Beta Inc.,Electronics,25,138.48,3462,15-04-2023 01:05
Gamma Ltd.,Apparel,22,39.25,863.5,25-02-2022 16:20
Alpha Corp,Home Goods,14,118.95,1665.3,13-08-2022 16:18
Gamma Ltd.,Home Goods,13,48.51,630.63,27-04-2023 15:22
Delta Enterprises,Toys,27,60.08,1622.16,03-12-2022 18:09
Iota Partners,Toys,13,113.13,1470.69,13-07-2022 20:12
Gamma Ltd.,Apparel,15,91.71,1375.65,03-11-2022 00:36
Delta Enterprises,Books,15,86.93,1303.95,18-02-2023 20:56
Zeta Group,Apparel,6,114.86,689.16,03-04-2023 11:39
Delta Enterprises,Books,3,74.53,223.59,12-11-2022 23:24
Delta Enterprises,Apparel,1,22.1,22.1,22-12-2022 17:04
Alpha Corp,Electronics,20,23.03,460.6,18-10-2023 15:58
Iota Partners,Toys,6,32.01,192.06,23-12-2022 15:06
Theta Co.,Toys,3,93.38,280.14,07-09-2023 12:24
Alpha Corp,Toys,20,69.73,1394.6,16-03-2023 01:50
Eta Holdings,Home Goods,9,100.8,907.2,05-09-2023 22:39
Iota Partners,Books,19,12.08,229.52,27-03-2023 19:14
Alpha Corp,Electronics,16,18.75,300,01-04-2022 02:07
Theta Co.,Toys,22,57.8,1271.6,04-12-2022 01:16
Theta Co.,Toys,6,141.99,851.94,01-11-2022 17:17
Iota Partners,Home Goods,9,78.45,706.05,11-03-2022 00:37
Zeta Group,Apparel,2,40.68,81.36,23-06-2022 06:25
Beta Inc.,Apparel,19,141.53,2689.07,31-03-2022 19:33
Eta Holdings,Electronics,28,130,3640,14-04-2022 06:21
Kappa Systems,Home Goods,26,44.83,1165.58,25-12-2023 18:53
Delta Enterprises,Apparel,16,78.15,1250.4,09-12-2023 05:38
Gamma Ltd.,Toys,2,70.06,140.12,24-11-2023 10:30
Kappa Systems,Home Goods,4,97.46,389.84,30-01-2023 16:44
Theta Co.,Apparel,16,40.61,649.76,03-12-2022 09:14
Beta Inc.,Electronics,29,144.7,4196.3,10-04-2023 09:29
Eta Holdings,Books,14,76.45,1070.3,08-06-2023 00:52
Eta Holdings,Apparel,24,101.66,2439.84,01-10-2022 16:19
Gamma Ltd.,Books,19,65.04,1235.76,10-11-2022 18:55
Alpha Corp,Toys,2,49.35,98.7,08-10-2022 02:18
Theta Co.,Electronics,26,143.98,3743.48,11-03-2022 13:29
Theta Co.,Toys,2,60.4,120.8,25-11-2023 06:38
Zeta Group,Home Goods,28,147.87,4140.36,02-08-2023 23:25
Iota Partners,Apparel,17,33.34,566.78,16-11-2023 22:20
Beta Inc.,Electronics,1,48.2,48.2,13-12-2022 11:50
Epsilon Solutions,Books,12,84.87,1018.44,30-09-2023 06:21
Zeta Group,Home Goods,14,143.73,2012.22,25-09-2023 13:05
Gamma Ltd.,Home Goods,11,49.63,545.93,24-07-2023 10:46
Alpha Corp,Books,5,133.39,666.95,18-08-2023 04:36
Beta Inc.,Electronics,7,50.72,355.04,15-06-2023 23:44
Theta Co.,Electronics,23,38.56,886.88,12-06-2022 06:30
Gamma Ltd.,Books,12,129.33,1551.96,18-03-2023 05:33
Epsilon Solutions,Apparel,21,42.88,900.48,27-11-2023 10:00
Theta Co.,Toys,17,149.11,2534.87,21-01-2023 13:49
Kappa Systems,Books,24,88.57,2125.68,12-10-2022 16:55
Eta Holdings,Apparel,20,141.67,2833.4,07-07-2022 20:49
Gamma Ltd.,Apparel,10,80.15,801.5,19-12-2023 06:19
Theta Co.,Home Goods,11,38.96,428.56,21-04-2023 19:24
Iota Partners,Apparel,8,70.22,561.76,05-12-2022 06:28
Epsilon Solutions,Electronics,22,101.26,2227.72,28-09-2022 10:18
Delta Enterprises,Home Goods,4,114.21,456.84,13-10-2023 09:33
Kappa Systems,Books,14,146.89,2056.46,16-11-2023 05:41
Kappa Systems,Toys,4,144.18,576.72,17-08-2023 09:59
Gamma Ltd.,Toys,24,73.43,1762.32,13-08-2022 16:40
Zeta Group,Apparel,21,29.43,618.03,22-10-2022 05:55
Kappa Systems,Apparel,28,128.55,3599.4,17-09-2023 19:04
Kappa Systems,Books,8,83.31,666.48,15-10-2023 00:53
Beta Inc.,Books,20,79.9,1598,11-10-2023 02:28
Zeta Group,Electronics,17,109.54,1862.18,07-06-2023 07:21
Beta Inc.,Toys,14,39.41,551.74,23-09-2022 06:22
Beta Inc.,Books,15,135.08,2026.2,31-05-2022 18:25
Theta Co.,Electronics,29,56.65,1642.85,10-12-2022 20:47
Beta Inc.,Books,16,114.43,1830.88,13-09-2023 12:27
Iota Partners,Toys,18,58.58,1054.44,11-09-2023 22:17
Epsilon Solutions,Books,21,133.63,2806.23,28-09-2022 01:14
Kappa Systems,Home Goods,22,72.93,1604.46,19-10-2023 14:34
Alpha Corp,Electronics,8,125.09,1000.72,11-01-2023 20:21
Eta Holdings,Apparel,12,104.68,1256.16,13-11-2022 23:08
Delta Enterprises,Toys,2,89.53,179.06,25-09-2022 13:14
Beta Inc.,Books,12,137.48,1649.76,27-10-2022 12:18
Iota Partners,Books,10,78.76,787.6,18-12-2022 13:26
Theta Co.,Toys,18,19.6,352.8,25-12-2023 12:12
Alpha Corp,Home Goods,10,13.46,134.6,21-03-2022 01:27
Gamma Ltd.,Books,10,59.82,598.2,10-09-2022 09:42
Epsilon Solutions,Electronics,15,86.33,1294.95,07-06-2022 12:42
Beta Inc.,Electronics,27,61.25,1653.75,15-07-2023 01:36
Theta Co.,Books,4,56.12,224.48,09-02-2022 01:30
Delta Enterprises,Apparel,11,35.16,386.76,19-04-2022 15:18
Delta Enterprises,Toys,2,27.41,54.82,02-08-2023 15:40
Beta Inc.,Electronics,5,15.52,77.6,16-03-2023 17:54
Gamma Ltd.,Apparel,19,56.35,1070.65,23-01-2022 15:22
Gamma Ltd.,Home Goods,4,89.49,357.96,14-04-2022 21:52
Iota Partners,Home Goods,28,129.49,3625.72,12-10-2022 18:55
Eta Holdings,Home Goods,6,142.19,853.14,28-04-2022 10:28
Beta Inc.,Apparel,10,92.52,925.2,10-12-2023 18:11
Alpha Corp,Home Goods,10,67.68,676.8,18-12-2022 12:37
Gamma Ltd.,Books,26,61.58,1601.08,24-04-2022 20:55
Kappa Systems,Electronics,19,63.9,1214.1,06-12-2023 15:00
Gamma Ltd.,Books,15,60.03,900.45,10-06-2023 10:00
Delta Enterprises,Apparel,12,143.75,1725,26-05-2023 21:52
Epsilon Solutions,Toys,8,113.48,907.84,20-04-2022 18:50
Iota Partners,Toys,6,77.61,465.66,26-04-2023 21:27
Eta Holdings,Toys,23,48.67,1119.41,01-02-2023 09:28
Gamma Ltd.,Books,8,123.56,988.48,01-11-2023 02:53
Theta Co.,Toys,5,149.96,749.8,05-06-2023 08:08
Alpha Corp,Books,4,149.03,596.12,01-11-2022 08:41
Delta Enterprises,Toys,1,57.83,57.83,15-09-2022 09:52
Theta Co.,Toys,3,139.51,418.53,11-07-2022 07:34
Iota Partners,Apparel,11,40.74,448.14,08-07-2022 08:22
Theta Co.,Books,19,122.72,2331.68,17-05-2023 11:24
Kappa Systems,Apparel,21,58.31,1224.51,03-11-2022 15:19
Eta Holdings,Books,5,96.8,484,14-06-2022 21:04
Zeta Group,Toys,13,44.2,574.6,06-12-2022 15:31
Eta Holdings,Electronics,8,51.21,409.68,27-01-2022 11:06
Eta Holdings,Apparel,2,58.24,116.48,26-03-2023 15:25
Eta Holdings,Toys,9,104.28,938.52,18-12-2022 08:33
Theta Co.,Electronics,22,148.62,3269.64,12-05-2023 12:19
Delta Enterprises,Home Goods,29,85.23,2471.67,04-01-2022 02:59
Beta Inc.,Home Goods,5,60.24,301.2,20-04-2022 14:43
Epsilon Solutions,Apparel,13,136.44,1773.72,04-03-2023 01:03
Beta Inc.,Toys,16,94.55,1512.8,25-02-2022 03:06
Theta Co.,Toys,1,28.72,28.72,11-07-2023 21:15
Epsilon Solutions,Apparel,10,59.28,592.8,19-09-2023 04:11
Iota Partners,Home Goods,12,13.09,157.08,25-10-2022 10:38
Kappa Systems,Apparel,10,145.56,1455.6,22-02-2022 08:25
Epsilon Solutions,Apparel,23,83.87,1929.01,17-10-2023 15:31
Kappa Systems,Books,5,57.36,286.8,13-06-2022 04:18
Gamma Ltd.,Toys,11,95.84,1054.24,19-02-2023 15:23
Eta Holdings,Apparel,14,91.27,1277.78,25-12-2022 07:29
Alpha Corp,Electronics,28,47.6,1332.8,04-11-2022 00:53
Delta Enterprises,Toys,16,13.36,213.76,05-08-2022 05:17
Kappa Systems,Books,13,48.77,634.01,27-11-2022 15:44
Kappa Systems,Books,2,11.55,23.1,04-09-2023 03:09
Alpha Corp,Electronics,27,127.97,3455.19,15-11-2022 00:47
Eta Holdings,Home Goods,24,96.24,2309.76,07-09-2023 02:52
Zeta Group,Toys,22,43.39,954.58,07-08-2022 08:14
Zeta Group,Apparel,19,51.43,977.17,27-03-2023 07:31
Eta Holdings,Apparel,19,92.7,1761.3,16-01-2022 21:26
Epsilon Solutions,Home Goods,25,144.21,3605.25,27-03-2022 05:34
Delta Enterprises,Electronics,23,13.93,320.39,04-03-2023 23:44
Iota Partners,Toys,13,55.47,721.11,17-07-2022 21:45
Eta Holdings,Books,12,62.98,755.76,12-08-2023 13:25
Beta Inc.,Apparel,21,127.95,2686.95,26-09-2023 18:28
Theta Co.,Books,5,16.98,84.9,27-08-2023 10:55
Theta Co.,Home Goods,1,34.77,34.77,08-06-2023 02:13
Alpha Corp,Electronics,19,50.25,954.75,26-04-2023 05:40
Theta Co.,Books,7,37.87,265.09,27-06-2023 02:03
Gamma Ltd.,Home Goods,26,115.87,3012.62,24-05-2023 07:19
Iota Partners,Home Goods,25,146.86,3671.5,19-02-2022 12:30
Kappa Systems,Home Goods,27,138.23,3732.21,02-05-2023 17:09
Delta Enterprises,Books,13,133.12,1730.56,26-12-2023 07:23
Kappa Systems,Books,1,66.99,66.99,23-06-2023 17:48
Theta Co.,Apparel,14,124.37,1741.18,25-07-2023 03:29
Beta Inc.,Electronics,26,24.78,644.28,05-12-2023 10:33
Alpha Corp,Books,5,88.47,442.35,22-05-2023 10:35
Iota Partners,Books,19,54.37,1033.03,04-06-2022 20:32
Eta Holdings,Books,29,48.4,1403.6,22-06-2022 22:36
Alpha Corp,Home Goods,5,74.63,373.15,09-11-2022 21:51
Alpha Corp,Apparel,6,53.95,323.7,23-08-2022 08:59
Zeta Group,Electronics,25,146.06,3651.5,27-10-2023 18:58
Alpha Corp,Home Goods,21,21.35,448.35,22-05-2023 14:26
Gamma Ltd.,Toys,17,94.63,1608.71,29-10-2023 03:23
Kappa Systems,Books,1,68.94,68.94,18-07-2022 13:41
Epsilon Solutions,Toys,3,110.72,332.16,03-10-2022 22:02
Beta Inc.,Books,10,50.8,508,23-12-2023 23:25
Kappa Systems,Apparel,21,96.46,2025.66,20-10-2023 16:45
Epsilon Solutions,Home Goods,13,17.96,233.48,29-03-2023 05:36
Eta Holdings,Home Goods,6,22.69,136.14,30-01-2022 14:13
Epsilon Solutions,Books,15,53.3,799.5,19-05-2023 20:38
Epsilon Solutions,Toys,2,36.34,72.68,08-02-2023 23:01
Kappa Systems,Home Goods,8,109.06,872.48,15-03-2022 07:28
Beta Inc.,Books,23,22.94,527.62,20-09-2022 10:26
Delta Enterprises,Electronics,8,146.17,1169.36,11-08-2023 08:51
Epsilon Solutions,Toys,21,73.32,1539.72,16-01-2023 14:23
Gamma Ltd.,Home Goods,2,58.45,116.9,19-09-2022 20:09
Gamma Ltd.,Electronics,23,91.45,2103.35,31-07-2022 14:36
Delta Enterprises,Toys,24,82.77,1986.48,03-03-2023 09:24
Kappa Systems,Electronics,16,84.8,1356.8,25-07-2022 09:50
Gamma Ltd.,Toys,18,44.47,800.46,12-08-2023 05:03
Theta Co.,Electronics,4,15.25,61,03-03-2022 22:43
Theta Co.,Toys,7,132.08,924.56,02-03-2022 09:51
Alpha Corp,Toys,14,75.87,1062.18,28-04-2023 16:13
Epsilon Solutions,Electronics,3,123.48,370.44,20-07-2023 21:42
Theta Co.,Apparel,22,65,1430,29-04-2022 07:20
Kappa Systems,Toys,21,98.93,2077.53,15-03-2022 12:09
Gamma Ltd.,Electronics,29,149.38,4332.02,04-12-2022 04:17
Zeta Group,Toys,18,42.61,766.98,01-07-2023 06:27
Gamma Ltd.,Electronics,2,85.63,171.26,07-10-2023 15:28
Zeta Group,Apparel,7,133.39,933.73,09-10-2023 04:02
Beta Inc.,Books,2,40.26,80.52,25-05-2022 10:18
Eta Holdings,Toys,29,104.14,3020.06,30-06-2022 20:10
Eta Holdings,Apparel,10,31.54,315.4,18-03-2022 12:35
Gamma Ltd.,Home Goods,6,70.81,424.86,07-11-2022 11:46
Eta Holdings,Electronics,4,14.45,57.8,16-08-2023 14:32
Beta Inc.,Toys,23,129.83,2986.09,24-06-2022 18:09
Theta Co.,Apparel,10,28.83,288.3,25-03-2022 04:41
Eta Holdings,Books,23,72.11,1658.53,02-10-2022 16:41
Zeta Group,Apparel,18,82.91,1492.38,17-01-2022 20:38
Theta Co.,Toys,8,107.29,858.32,01-10-2023 14:05
Alpha Corp,Electronics,27,74.4,2008.8,30-09-2022 00:18
Zeta Group,Books,25,112.51,2812.75,09-01-2022 09:42
Eta Holdings,Apparel,21,132.17,2775.57,30-04-2022 01:21
Zeta Group,Apparel,12,117.17,1406.04,22-10-2022 21:52
Eta Holdings,Toys,2,122.1,244.2,28-10-2023 09:36
Epsilon Solutions,Electronics,14,58.09,813.26,07-05-2022 15:46
Eta Holdings,Books,26,99.29,2581.54,17-02-2023 14:26
Epsilon Solutions,Books,26,25.59,665.34,07-07-2023 09:44
Zeta Group,Apparel,11,86.04,946.44,25-07-2022 13:38
Epsilon Solutions,Apparel,20,80.79,1615.8,04-10-2023 14:54
Beta Inc.,Books,17,15.19,258.23,20-08-2023 09:12
Beta Inc.,Electronics,22,143.44,3155.68,22-08-2023 20:06
Delta Enterprises,Electronics,19,116.94,2221.86,19-05-2023 21:39
Eta Holdings,Home Goods,4,28.71,114.84,25-02-2022 16:23
Gamma Ltd.,Toys,16,75.53,1208.48,17-09-2023 05:09
Beta Inc.,Books,25,36.97,924.25,25-01-2022 16:02
Iota Partners,Home Goods,26,146.32,3804.32,27-12-2022 15:06
Beta Inc.,Books,6,68.02,408.12,31-03-2023 16:55
Gamma Ltd.,Electronics,23,120.2,2764.6,21-02-2022 04:17
Gamma Ltd.,Books,3,69.23,207.69,04-11-2023 00:38
Alpha Corp,Home Goods,21,146.95,3085.95,20-05-2023 05:20
Beta Inc.,Electronics,26,56.53,1469.78,24-01-2022 19:16
Theta Co.,Books,25,105.61,2640.25,04-09-2022 19:40
Alpha Corp,Books,3,34.82,104.46,03-11-2022 23:56
Beta Inc.,Apparel,6,71.76,430.56,23-04-2023 23:44
Epsilon Solutions,Apparel,20,102.34,2046.8,01-01-2022 12:56
Zeta Group,Electronics,4,82.74,330.96,19-03-2022 18:32
Beta Inc.,Books,20,111.34,2226.8,24-09-2022 08:12
Delta Enterprises,Home Goods,26,141.65,3682.9,05-03-2022 18:03
Kappa Systems,Apparel,8,74.02,592.16,02-06-2022 09:10
Gamma Ltd.,Apparel,23,25.7,591.1,27-10-2022 01:36
Alpha Corp,Electronics,14,102.15,1430.1,14-11-2023 08:07
Theta Co.,Toys,23,128.31,2951.13,14-01-2022 02:50
Beta Inc.,Home Goods,6,25.52,153.12,26-12-2022 19:23
Gamma Ltd.,Electronics,4,67.69,270.76,20-02-2023 07:05
Zeta Group,Toys,19,31.65,601.35,18-09-2022 16:31
Zeta Group,Books,6,69.06,414.36,10-01-2022 14:58
Beta Inc.,Toys,3,58.93,176.79,22-11-2022 19:01
Theta Co.,Books,19,117.64,2235.16,06-06-2022 05:18
Delta Enterprises,Toys,18,124.08,2233.44,08-04-2023 09:35
Theta Co.,Home Goods,10,70.18,701.8,13-03-2022 23:22
Zeta Group,Apparel,5,34.91,174.55,09-08-2023 17:54
Eta Holdings,Toys,12,35.88,430.56,13-11-2023 00:32
Alpha Corp,Books,14,88.35,1236.9,24-08-2022 00:32
Gamma Ltd.,Apparel,1,92.39,92.39,30-06-2023 03:53
Beta Inc.,Electronics,22,32.37,712.14,09-09-2023 16:10
Delta Enterprises,Apparel,28,23.1,646.8,08-12-2023 08:50
Zeta Group,Electronics,13,32.03,416.39,18-08-2023 01:40
Eta Holdings,Electronics,2,77.33,154.66,04-10-2022 13:56
Alpha Corp,Home Goods,19,86.43,1642.17,25-04-2022 07:15
Theta Co.,Electronics,2,11.7,23.4,20-08-2023 09:52
Gamma Ltd.,Books,10,117.42,1174.2,05-01-2022 12:41
Theta Co.,Apparel,25,44.12,1103,24-06-2022 01:00
Zeta Group,Home Goods,19,58.67,1114.73,22-11-2022 23:11
Kappa Systems,Home Goods,14,79.8,1117.2,15-05-2022 08:38
Iota Partners,Toys,5,53.66,268.3,02-04-2022 17:02
Theta Co.,Books,16,111.39,1782.24,25-07-2023 02:49
Delta Enterprises,Home Goods,14,121.39,1699.46,09-06-2023 14:54
Kappa Systems,Electronics,23,84.7,1948.1,01-06-2022 21:04
Kappa Systems,Books,4,126.36,505.44,04-03-2022 12:35
Delta Enterprises,Toys,26,25.35,659.1,25-10-2022 22:31
Eta Holdings,Home Goods,9,19.76,177.84,18-08-2023 04:08
Alpha Corp,Toys,17,76.8,1305.6,09-02-2023 16:29
Kappa Systems,Electronics,21,138.48,2908.08,06-04-2022 09:02
Epsilon Solutions,Toys,15,146.53,2197.95,15-01-2022 14:27
Epsilon Solutions,Books,6,83.46,500.76,12-09-2023 16:06
Epsilon Solutions,Toys,29,118.93,3448.97,16-08-2022 23:24
Kappa Systems,Electronics,27,142.58,3849.66,29-10-2022 09:24
Beta Inc.,Books,15,45.91,688.65,14-10-2023 18:24
Epsilon Solutions,Toys,15,79.33,1189.95,20-03-2023 06:53
Gamma Ltd.,Books,21,92.88,1950.48,13-09-2022 02:29
Zeta Group,Books,13,89.15,1158.95,09-07-2023 21:21
Iota Partners,Apparel,11,147.24,1619.64,07-08-2023 21:54
Zeta Group,Toys,14,144.7,2025.8,22-12-2023 01:42
Theta Co.,Books,19,149.35,2837.65,05-08-2022 05:28
Gamma Ltd.,Toys,21,49.46,1038.66,08-12-2022 20:11
Gamma Ltd.,Electronics,27,33.7,909.9,03-12-2022 13:46
Epsilon Solutions,Toys,28,105.07,2941.96,13-02-2022 04:35
Gamma Ltd.,Apparel,14,27.79,389.06,28-12-2022 05:16
Iota Partners,Apparel,28,98.32,2752.96,24-07-2022 16:38
Theta Co.,Home Goods,11,98.01,1078.11,09-01-2023 18:30
Alpha Corp,Electronics,19,43.21,820.99,09-09-2022 07:06
Delta Enterprises,Apparel,7,136.11,952.77,31-05-2023 01:23
Eta Holdings,Apparel,10,81.93,819.3,20-01-2022 06:09
Iota Partners,Apparel,1,38.31,38.31,27-05-2023 00:28
Epsilon Solutions,Electronics,28,94.19,2637.32,21-11-2022 11:31
Iota Partners,Electronics,3,27.74,83.22,26-01-2022 16:31
Beta Inc.,Apparel,7,103.77,726.39,27-12-2022 15:21
Epsilon Solutions,Toys,8,116.97,935.76,07-02-2022 02:38
Kappa Systems,Books,18,73.39,1321.02,02-04-2023 03:35
Eta Holdings,Books,13,102.82,1336.66,21-02-2022 04:38
Eta Holdings,Books,6,80.28,481.68,06-03-2023 19:09
Beta Inc.,Toys,29,72.59,2105.11,26-10-2022 00:44
Epsilon Solutions,Home Goods,10,54.21,542.1,20-11-2023 00:43
Gamma Ltd.,Toys,5,98.11,490.55,13-10-2022 22:54
Kappa Systems,Toys,19,118.66,2254.54,04-02-2022 03:00
Epsilon Solutions,Books,1,30.6,30.6,31-12-2022 17:49
Delta Enterprises,Books,19,11.38,216.22,22-04-2023 07:39
Epsilon Solutions,Books,2,123.51,247.02,22-12-2023 03:20
Epsilon Solutions,Apparel,17,143.26,2435.42,05-09-2022 15:17
Epsilon Solutions,Apparel,5,74.34,371.7,26-05-2022 08:09
Iota Partners,Toys,23,11.02,253.46,09-07-2022 16:42
Kappa Systems,Apparel,19,134.77,2560.63,12-06-2022 16:53
Theta Co.,Toys,27,121.19,3272.13,25-04-2023 22:25
Kappa Systems,Apparel,23,32.94,757.62,08-01-2023 16:09
Beta Inc.,Toys,17,74.01,1258.17,04-03-2023 13:25
Beta Inc.,Toys,26,63.01,1638.26,13-04-2023 15:22
Alpha Corp,Home Goods,1,128.56,128.56,01-02-2022 12:40
Epsilon Solutions,Toys,19,11.73,222.87,01-03-2023 21:05
Kappa Systems,Books,28,21.09,590.52,23-04-2022 22:19
Theta Co.,Apparel,23,101.68,2338.64,13-09-2022 08:53
Iota Partners,Books,1,117.37,117.37,12-05-2022 21:32
Alpha Corp,Apparel,7,73.61,515.27,03-08-2022 00:26
Eta Holdings,Electronics,27,24.03,648.81,31-07-2023 16:56
Epsilon Solutions,Electronics,3,126.35,379.05,22-10-2023 07:02
Kappa Systems,Books,13,125.67,1633.71,02-07-2022 06:29
Delta Enterprises,Electronics,8,61.21,489.68,05-11-2023 03:35
Eta Holdings,Home Goods,11,98.29,1081.19,10-03-2022 20:04
Iota Partners,Toys,7,89.56,626.92,20-01-2022 19:09
Delta Enterprises,Home Goods,1,119.53,119.53,03-05-2023 00:05
Beta Inc.,Home Goods,19,120.69,2293.11,21-05-2023 14:36
Iota Partners,Electronics,20,67.68,1353.6,03-06-2022 08:45
Eta Holdings,Toys,6,25.34,152.04,03-04-2023 09:04
Iota Partners,Apparel,4,109.38,437.52,04-06-2023 23:00
Eta Holdings,Apparel,17,34.72,590.24,26-01-2022 09:22
Delta Enterprises,Toys,29,123.4,3578.6,25-09-2022 23:11
Zeta Group,Toys,9,24.44,219.96,04-01-2022 00:58
Beta Inc.,Books,13,14.64,190.32,03-12-2022 03:52
Delta Enterprises,Toys,22,25.38,558.36,05-01-2022 21:21
Epsilon Solutions,Electronics,6,129.21,775.26,01-07-2022 07:47
Zeta Group,Apparel,15,57.17,857.55,12-11-2022 17:26
Zeta Group,Toys,11,125.71,1382.81,07-08-2022 08:55
Beta Inc.,Books,25,102.08,2552,14-10-2022 23:20
Iota Partners,Apparel,5,101.06,505.3,27-12-2022 23:13
Kappa Systems,Electronics,28,37.03,1036.84,15-11-2023 16:34
Gamma Ltd.,Apparel,23,77.05,1772.15,02-12-2023 22:48
Alpha Corp,Home Goods,13,42.89,557.57,10-11-2023 01:24
Epsilon Solutions,Toys,29,120.56,3496.24,01-05-2023 00:56
Zeta Group,Electronics,6,100.21,601.26,16-02-2022 06:20
Epsilon Solutions,Apparel,14,55.32,774.48,12-12-2023 02:41
Alpha Corp,Apparel,20,21.22,424.4,29-09-2023 04:35
Beta Inc.,Books,16,50.96,815.36,26-01-2022 23:01
Alpha Corp,Electronics,21,110.32,2316.72,23-03-2022 13:06
Iota Partners,Books,21,68.58,1440.18,01-12-2022 07:20
Iota Partners,Books,7,18.05,126.35,18-07-2022 01:12
Kappa Systems,Toys,20,103.68,2073.6,27-03-2023 19:21
Zeta Group,Electronics,25,27.88,697,13-05-2022 18:28
Beta Inc.,Books,26,88.17,2292.42,01-03-2023 21:15
Theta Co.,Toys,22,35.09,771.98,16-10-2022 06:03
Kappa Systems,Electronics,24,99.59,2390.16,13-06-2022 20:44
Theta Co.,Electronics,28,50.46,1412.88,04-10-2022 22:03
Kappa Systems,Books,15,119.51,1792.65,27-03-2022 17:00
Zeta Group,Toys,9,84.23,758.07,20-09-2023 04:58
Zeta Group,Apparel,12,44.35,532.2,03-01-2023 10:22
Gamma Ltd.,Electronics,24,40.63,975.12,02-06-2023 03:52
Iota Partners,Toys,6,23.83,142.98,03-07-2023 04:39
Iota Partners,Books,9,109.66,986.94,05-08-2022 15:52
Zeta Group,Toys,24,22.42,538.08,23-01-2023 16:27
Iota Partners,Electronics,13,125.45,1630.85,24-07-2022 22:07
Eta Holdings,Toys,15,61.37,920.55,05-06-2023 04:48
Gamma Ltd.,Home Goods,13,138.83,1804.79,29-12-2023 14:50
Eta Holdings,Toys,15,149.97,2249.55,05-09-2023 06:48
Gamma Ltd.,Electronics,19,18.78,356.82,24-08-2023 05:20
Epsilon Solutions,Apparel,18,51.99,935.82,25-03-2022 14:28
Iota Partners,Books,14,16.23,227.22,04-05-2022 10:43
Zeta Group,Electronics,7,48.6,340.2,11-01-2023 11:37
Gamma Ltd.,Toys,9,138,1242,26-08-2022 21:50
Gamma Ltd.,Apparel,4,93.58,374.32,19-06-2023 23:50
Eta Holdings,Books,15,55.27,829.05,01-07-2022 03:24
Beta Inc.,Books,21,103.06,2164.26,26-04-2023 18:40
Eta Holdings,Electronics,8,29.3,234.4,10-04-2022 05:14
Theta Co.,Books,27,27.34,738.18,19-07-2023 07:57
Alpha Corp,Toys,5,79.88,399.4,16-02-2023 03:02
Gamma Ltd.,Electronics,23,81.04,1863.92,02-11-2023 06:34
Alpha Corp,Books,24,98.39,2361.36,24-08-2023 15:20
Kappa Systems,Electronics,11,74.76,822.36,18-09-2022 04:19
Beta Inc.,Home Goods,9,118.31,1064.79,16-06-2022 23:19
Epsilon Solutions,Home Goods,9,14.47,130.23,07-04-2023 09:11
Epsilon Solutions,Home Goods,10,15.62,156.2,21-08-2022 16:51
Delta Enterprises,Home Goods,9,119.98,1079.82,27-06-2023 15:29
Epsilon Solutions,Books,29,30.67,889.43,24-05-2022 19:49
Iota Partners,Electronics,26,116.05,3017.3,26-04-2023 13:20
Epsilon Solutions,Electronics,24,26.88,645.12,28-07-2022 17:56
Alpha Corp,Apparel,18,133.17,2397.06,30-11-2023 14:09
Theta Co.,Toys,24,59.87,1436.88,18-05-2023 03:07
Eta Holdings,Apparel,5,18.44,92.2,13-09-2022 09:23
Epsilon Solutions,Home Goods,12,93.2,1118.4,12-01-2023 08:43
Gamma Ltd.,Toys,20,120.42,2408.4,19-06-2022 01:05
Alpha Corp,Electronics,18,98.55,1773.9,07-11-2023 01:03
Zeta Group,Books,11,55.6,611.6,27-03-2023 17:55
Epsilon Solutions,Toys,9,23.49,211.41,05-05-2023 04:29
Beta Inc.,Electronics,5,36.48,182.4,08-02-2022 08:31
Zeta Group,Electronics,23,95.57,2198.11,31-05-2023 12:19
Kappa Systems,Books,28,61.33,1717.24,18-06-2023 14:11
Theta Co.,Books,29,142.05,4119.45,02-03-2022 23:00
Zeta Group,Books,15,36.2,543,09-12-2023 07:02
Gamma Ltd.,Toys,15,71.68,1075.2,26-04-2022 00:51
Gamma Ltd.,Apparel,20,100.27,2005.4,04-05-2023 23:48
Kappa Systems,Home Goods,13,144.22,1874.86,22-06-2023 16:58
Delta Enterprises,Apparel,1,145.72,145.72,26-09-2023 06:48
Epsilon Solutions,Electronics,8,27.33,218.64,01-03-2022 06:39
Zeta Group,Toys,26,22.47,584.22,28-03-2022 16:21
Iota Partners,Books,15,12.21,183.15,02-04-2023 19:40
Epsilon Solutions,Books,4,32.56,130.24,18-08-2022 08:09
Zeta Group,Electronics,12,32.22,386.64,15-10-2022 04:33
Iota Partners,Apparel,17,116.01,1972.17,01-11-2023 08:10
Gamma Ltd.,Electronics,13,97.75,1270.75,03-06-2022 06:14
Kappa Systems,Electronics,19,22.05,418.95,28-11-2022 19:07
Iota Partners,Home Goods,16,56.46,903.36,24-09-2023 19:47
Zeta Group,Toys,21,26.32,552.72,23-05-2022 15:58
Kappa Systems,Apparel,13,141.08,1834.04,15-06-2022 09:03
Theta Co.,Toys,7,128.91,902.37,17-08-2023 23:47
Kappa Systems,Electronics,15,14.48,217.2,09-02-2023 21:09
Kappa Systems,Toys,18,141.65,2549.7,11-08-2022 12:19
Iota Partners,Apparel,27,64.7,1746.9,02-07-2022 12:46
Eta Holdings,Books,24,78.2,1876.8,16-03-2022 15:35
Epsilon Solutions,Books,11,130.51,1435.61,29-11-2022 05:17
Theta Co.,Electronics,16,144.2,2307.2,03-09-2022 18:44
Zeta Group,Toys,20,103.62,2072.4,23-01-2022 05:16
Epsilon Solutions,Apparel,11,147.47,1622.17,25-04-2023 21:47
Theta Co.,Books,6,94.92,569.52,21-10-2022 16:23
Zeta Group,Toys,17,66.12,1124.04,13-09-2023 15:50
Gamma Ltd.,Books,12,117.47,1409.64,09-07-2022 00:30
Beta Inc.,Home Goods,16,114.52,1832.32,05-09-2023 14:34
Beta Inc.,Home Goods,26,55.59,1445.34,23-05-2023 03:45
Epsilon Solutions,Books,22,58.87,1295.14,15-03-2023 08:35
Theta Co.,Electronics,27,106.83,2884.41,10-10-2022 21:03
Theta Co.,Electronics,3,126.25,378.75,23-06-2023 23:46
Kappa Systems,Home Goods,9,39.14,352.26,03-10-2022 22:15
Epsilon Solutions,Books,29,44.39,1287.31,25-03-2022 07:02
Eta Holdings,Home Goods,7,95.94,671.58,21-11-2023 13:06
Eta Holdings,Electronics,3,85.61,256.83,19-09-2022 01:04
Zeta Group,Electronics,7,117.55,822.85,01-04-2022 02:50
Gamma Ltd.,Electronics,11,72.6,798.6,29-11-2022 09:39
Delta Enterprises,Electronics,3,42.47,127.41,18-10-2023 16:41
Gamma Ltd.,Toys,26,109.96,2858.96,09-10-2023 05:16
Iota Partners,Toys,28,22.24,622.72,25-10-2023 17:04
Gamma Ltd.,Apparel,3,92.57,277.71,04-12-2023 06:38
Delta Enterprises,Apparel,4,21.43,85.72,08-06-2022 03:46
Zeta Group,Electronics,10,106.67,1066.7,30-01-2023 05:57
Epsilon Solutions,Apparel,11,113,1243,28-02-2023 13:32
Zeta Group,Home Goods,7,129.84,908.88,19-09-2023 10:23
Kappa Systems,Toys,16,86.33,1381.28,26-04-2023 16:07
Theta Co.,Home Goods,13,44.51,578.63,21-07-2023 02:17
Iota Partners,Electronics,2,12.46,24.92,22-11-2023 23:45
Iota Partners,Toys,9,127.62,1148.58,28-08-2023 17:55
Epsilon Solutions,Electronics,4,142.15,568.6,06-07-2022 08:16
Beta Inc.,Apparel,11,35.8,393.8,20-02-2022 10:47
Gamma Ltd.,Electronics,27,139.68,3771.36,25-05-2023 09:43
Zeta Group,Apparel,9,77.8,700.2,11-06-2022 18:34
Iota Partners,Books,24,96.13,2307.12,10-06-2022 01:37
Eta Holdings,Electronics,2,39.68,79.36,23-02-2022 02:02
Iota Partners,Electronics,18,69.19,1245.42,17-07-2022 00:38
Zeta Group,Home Goods,10,75.93,759.3,19-09-2022 06:19
Zeta Group,Books,14,27.27,381.78,12-12-2022 16:51
Alpha Corp,Electronics,20,10.74,214.8,25-10-2023 08:13
Zeta Group,Books,16,46.08,737.28,28-12-2023 11:15
Zeta Group,Apparel,8,40.69,325.52,06-02-2022 02:53
Zeta Group,Books,15,17.02,255.3,25-10-2023 12:39
Gamma Ltd.,Electronics,6,49.32,295.92,08-11-2022 21:11
Eta Holdings,Apparel,17,93.05,1581.85,08-08-2022 18:34
Alpha Corp,Apparel,2,80.22,160.44,23-09-2023 05:49
Zeta Group,Home Goods,1,67.83,67.83,17-02-2023 17:17
Theta Co.,Electronics,29,64.79,1878.91,03-08-2022 18:26
Theta Co.,Electronics,14,16.13,225.82,13-10-2023 06:26
Iota Partners,Books,26,91.74,2385.24,28-08-2023 16:29
Theta Co.,Apparel,13,20.07,260.91,22-03-2023 17:29
Epsilon Solutions,Toys,18,32.87,591.66,05-07-2022 13:54
Beta Inc.,Home Goods,22,140.39,3088.58,09-02-2022 13:35
Iota Partners,Electronics,14,112.77,1578.78,28-04-2023 00:16
Eta Holdings,Apparel,22,76.29,1678.38,08-01-2023 08:51
Kappa Systems,Toys,15,98.4,1476,30-08-2023 04:21
Delta Enterprises,Books,22,122.74,2700.28,28-04-2022 18:34
Eta Holdings,Home Goods,18,87.5,1575,12-07-2022 02:17
Beta Inc.,Books,11,86.47,951.17,12-12-2022 10:03
Eta Holdings,Apparel,16,18.52,296.32,17-02-2022 09:50
Eta Holdings,Books,15,76.66,1149.9,09-08-2022 14:27
Kappa Systems,Electronics,1,138.31,138.31,07-11-2022 02:33
Epsilon Solutions,Home Goods,29,28.24,818.96,12-09-2023 07:29
Delta Enterprises,Books,3,74.19,222.57,10-01-2022 01:32
Alpha Corp,Electronics,1,25.55,25.55,29-12-2023 05:02
Iota Partners,Toys,27,77.99,2105.73,21-09-2022 07:04
Alpha Corp,Apparel,17,131.64,2237.88,20-01-2022 04:18
Beta Inc.,Toys,27,130.23,3516.21,03-09-2023 17:18
Kappa Systems,Home Goods,25,108.95,2723.75,16-02-2023 00:56
Zeta Group,Books,24,49.49,1187.76,27-03-2022 10:40
Delta Enterprises,Electronics,6,29.19,175.14,11-05-2022 20:32
Beta Inc.,Toys,17,47.88,813.96,25-11-2023 09:54
Zeta Group,Home Goods,14,139.08,1947.12,26-07-2023 00:34
Alpha Corp,Toys,15,58.23,873.45,17-11-2022 17:41
Theta Co.,Home Goods,19,59.8,1136.2,09-02-2023 02:19
Gamma Ltd.,Electronics,1,90.31,90.31,27-09-2023 10:42
Theta Co.,Apparel,1,114.64,114.64,13-02-2023 19:48
Delta Enterprises,Electronics,10,82.28,822.8,09-01-2023 12:42
Theta Co.,Books,13,124.22,1614.86,13-12-2023 08:33
Theta Co.,Home Goods,23,132.99,3058.77,16-02-2023 19:51
Theta Co.,Apparel,15,45.55,683.25,09-07-2023 03:30
Beta Inc.,Home Goods,9,23.52,211.68,11-07-2022 15:17
Delta Enterprises,Electronics,9,135.5,1219.5,29-03-2023 11:40
Zeta Group,Books,20,62.62,1252.4,18-03-2022 21:26
Theta Co.,Toys,28,37.53,1050.84,22-12-2023 04:41
Iota Partners,Electronics,13,89.91,1168.83,14-09-2023 22:09
Delta Enterprises,Electronics,10,121.9,1219,18-02-2023 01:01
Alpha Corp,Toys,29,78.36,2272.44,27-09-2023 20:41
Zeta Group,Home Goods,4,57.84,231.36,14-10-2023 18:46
Alpha Corp,Toys,10,22.81,228.1,04-01-2022 13:09
Kappa Systems,Books,12,20.3,243.6,07-02-2023 17:12
Zeta Group,Books,19,72.3,1373.7,02-02-2023 01:43
Kappa Systems,Electronics,25,100.89,2522.25,17-01-2023 22:00
Iota Partners,Apparel,24,91.08,2185.92,19-09-2023 13:07
Iota Partners,Toys,19,57.62,1094.78,02-08-2022 19:22
Epsilon Solutions,Apparel,28,104.83,2935.24,19-05-2023 16:30
Delta Enterprises,Toys,12,25.38,304.56,21-10-2023 13:58
Beta Inc.,Apparel,14,82.97,1161.58,08-08-2022 03:17
Epsilon Solutions,Apparel,26,99.61,2589.86,23-08-2022 19:14
Zeta Group,Electronics,10,135.02,1350.2,15-11-2023 20:49
Theta Co.,Toys,26,21.49,558.74,08-11-2023 11:08
Iota Partners,Books,5,94.76,473.8,09-05-2023 21:17
Eta Holdings,Apparel,4,67.85,271.4,21-06-2023 16:16
Gamma Ltd.,Toys,26,44.69,1161.94,03-06-2023 05:20
Delta Enterprises,Home Goods,17,28.97,492.49,14-09-2022 07:54
Beta Inc.,Books,1,136.94,136.94,19-07-2022 20:10
Theta Co.,Toys,11,58.17,639.87,19-02-2022 21:43
Alpha Corp,Apparel,24,33.1,794.4,24-09-2023 05:46
Eta Holdings,Home Goods,3,129.04,387.12,08-07-2022 17:46
Gamma Ltd.,Home Goods,1,10.55,10.55,07-06-2022 02:27
Zeta Group,Books,21,139.55,2930.55,16-01-2022 08:29
Iota Partners,Toys,23,96.59,2221.57,23-01-2022 02:39
Theta Co.,Books,16,145.1,2321.6,19-05-2023 02:26
Zeta Group,Apparel,24,115.66,2775.84,02-07-2023 18:03
Iota Partners,Electronics,8,94.89,759.12,31-05-2022 02:51
Delta Enterprises,Toys,8,125.54,1004.32,17-06-2023 17:47
Epsilon Solutions,Toys,29,24.66,715.14,20-11-2022 08:40
Epsilon Solutions,Apparel,12,139.85,1678.2,09-11-2022 04:19
Iota Partners,Home Goods,29,123.71,3587.59,04-09-2022 17:47
Beta Inc.,Home Goods,15,113.46,1701.9,27-03-2023 02:24
Beta Inc.,Home Goods,21,122.74,2577.54,07-01-2023 07:54
Alpha Corp,Electronics,28,115.13,3223.64,08-11-2022 14:38
Alpha Corp,Toys,6,120.3,721.8,12-08-2022 11:29
Gamma Ltd.,Home Goods,22,50.73,1116.06,30-09-2022 16:00
Eta Holdings,Books,7,136.28,953.96,01-07-2022 07:33
Eta Holdings,Books,10,44.4,444,20-06-2022 20:37
Alpha Corp,Toys,10,132.15,1321.5,27-07-2023 05:50
Zeta Group,Books,5,37.8,189,02-11-2022 22:39
Gamma Ltd.,Books,1,59.39,59.39,30-11-2023 20:05
Beta Inc.,Books,27,19.56,528.12,05-10-2022 06:54
Gamma Ltd.,Toys,14,123.91,1734.74,13-12-2022 11:30
Zeta Group,Toys,28,17.94,502.32,24-10-2023 08:31
Beta Inc.,Home Goods,20,16.21,324.2,10-10-2022 15:41
Eta Holdings,Electronics,15,28.31,424.65,18-02-2022 21:33
Kappa Systems,Electronics,22,95.95,2110.9,13-03-2023 03:51
Zeta Group,Home Goods,3,17.87,53.61,19-10-2023 15:40
Beta Inc.,Books,18,105.77,1903.86,27-08-2023 23:14
Kappa Systems,Books,15,91.18,1367.7,04-07-2023 23:40
Alpha Corp,Apparel,5,106.75,533.75,29-12-2022 20:38
Kappa Systems,Books,23,37.08,852.84,21-06-2022 15:29
Epsilon Solutions,Toys,26,13.58,353.08,18-12-2023 14:49
Beta Inc.,Toys,15,101.14,1517.1,08-06-2022 10:29
Epsilon Solutions,Books,3,106.83,320.49,04-08-2023 02:04
Alpha Corp,Apparel,3,72.7,218.1,24-12-2023 11:03
Kappa Systems,Toys,1,43.71,43.71,13-10-2022 07:22
Epsilon Solutions,Electronics,21,108.08,2269.68,08-12-2022 00:38
Delta Enterprises,Home Goods,7,107.19,750.33,07-04-2022 11:27
Alpha Corp,Toys,11,48.29,531.19,17-07-2022 13:59
Epsilon Solutions,Electronics,15,92.3,1384.5,21-12-2023 10:28
Theta Co.,Apparel,2,93.35,186.7,09-07-2023 01:02
Zeta Group,Apparel,1,130.18,130.18,07-11-2022 08:22
Epsilon Solutions,Electronics,17,97.32,1654.44,21-05-2023 17:30
Alpha Corp,Electronics,24,41.75,1002,11-03-2023 09:19
Beta Inc.,Electronics,24,19.49,467.76,29-06-2022 19:45
Zeta Group,Electronics,13,29.63,385.19,24-10-2022 10:16
Zeta Group,Apparel,6,89.89,539.34,14-11-2022 04:46
Delta Enterprises,Home Goods,22,78.65,1730.3,26-08-2023 00:38
Gamma Ltd.,Books,12,101.34,1216.08,15-11-2023 11:33
Beta Inc.,Electronics,29,53.28,1545.12,28-12-2023 14:53
Beta Inc.,Home Goods,16,64.69,1035.04,04-08-2023 16:24
Epsilon Solutions,Toys,19,105.03,1995.57,09-02-2022 21:42
Zeta Group,Home Goods,7,63.52,444.64,15-02-2023 08:42
Epsilon Solutions,Toys,27,121.41,3278.07,26-03-2023 09:04
Zeta Group,Apparel,19,50.1,951.9,02-06-2023 22:09
Eta Holdings,Books,19,95.8,1820.2,28-01-2023 00:30
Theta Co.,Toys,20,131.79,2635.8,06-10-2023 16:26
Theta Co.,Electronics,27,145.31,3923.37,25-07-2023 11:45
Epsilon Solutions,Home Goods,23,24.04,552.92,16-04-2023 13:46
Theta Co.,Home Goods,16,19.04,304.64,04-02-2022 16:53
Gamma Ltd.,Toys,24,36.54,876.96,31-05-2022 14:54
Iota Partners,Electronics,22,30.65,674.3,27-02-2022 11:34
Beta Inc.,Electronics,20,87.79,1755.8,25-01-2023 21:12
Delta Enterprises,Home Goods,22,144.57,3180.54,17-10-2023 06:30
Gamma Ltd.,Toys,7,126.06,882.42,14-09-2022 12:18
Beta Inc.,Apparel,8,12.84,102.72,21-07-2022 21:57
Alpha Corp,Electronics,8,118.26,946.08,11-06-2022 06:46
Epsilon Solutions,Toys,12,17.72,212.64,15-07-2022 21:37
Alpha Corp,Toys,24,122.75,2946,30-09-2023 01:19
Beta Inc.,Toys,20,107.04,2140.8,17-06-2022 17:36
Theta Co.,Toys,14,55.5,777,12-11-2023 05:51
Delta Enterprises,Apparel,6,21.87,131.22,13-08-2023 04:06
Epsilon Solutions,Books,18,31.62,569.16,01-10-2023 23:15
Theta Co.,Toys,28,42.77,1197.56,13-04-2022 12:37
Delta Enterprises,Books,7,65.89,461.23,27-06-2022 08:18
Zeta Group,Home Goods,5,58.48,292.4,30-06-2023 13:31
Alpha Corp,Toys,8,12.31,98.48,24-02-2023 09:08
Zeta Group,Books,20,14.31,286.2,19-12-2022 10:10
Eta Holdings,Toys,15,120.23,1803.45,13-03-2023 05:33
Eta Holdings,Toys,26,62.81,1633.06,05-04-2023 15:23
Delta Enterprises,Books,26,28.88,750.88,27-09-2023 09:38
Eta Holdings,Books,27,57.08,1541.16,08-01-2023 19:23
Theta Co.,Books,5,12.04,60.2,09-08-2022 09:40
Eta Holdings,Home Goods,1,133.83,133.83,11-01-2023 10:35
Eta Holdings,Electronics,26,73.99,1923.74,24-08-2023 01:18
Iota Partners,Home Goods,6,96.45,578.7,29-09-2023 01:20
Beta Inc.,Apparel,17,101.81,1730.77,08-02-2022 03:56
Kappa Systems,Toys,13,79.35,1031.55,20-03-2022 21:46
Zeta Group,Apparel,13,72.23,938.99,29-09-2023 02:29
Delta Enterprises,Home Goods,2,36.98,73.96,02-06-2022 08:20
Kappa Systems,Books,1,95.45,95.45,09-07-2022 14:11
Gamma Ltd.,Home Goods,15,41.61,624.15,18-09-2023 02:00
Alpha Corp,Apparel,22,138.5,3047,06-02-2022 10:26
Theta Co.,Apparel,11,112.58,1238.38,23-03-2023 05:23
Zeta Group,Toys,17,73.77,1254.09,13-02-2022 18:21
Alpha Corp,Toys,13,67.97,883.61,09-07-2022 14:44
Delta Enterprises,Apparel,29,18.15,526.35,30-03-2022 17:13
Gamma Ltd.,Home Goods,2,66.7,133.4,25-03-2023 09:11
Zeta Group,Apparel,20,98.97,1979.4,27-11-2023 11:16
Theta Co.,Toys,14,47.06,658.84,17-11-2022 14:06
Iota Partners,Electronics,3,136.99,410.97,17-09-2022 19:06
Eta Holdings,Electronics,21,89.24,1874.04,25-06-2022 02:35
Alpha Corp,Electronics,23,115.6,2658.8,30-08-2023 23:05
Beta Inc.,Books,8,58.56,468.48,08-12-2023 14:01
Iota Partners,Apparel,29,24.39,707.31,05-11-2022 11:50
Alpha Corp,Apparel,11,125.06,1375.66,15-08-2022 18:54
Epsilon Solutions,Toys,10,76.16,761.6,15-08-2022 05:29
Theta Co.,Electronics,8,149.35,1194.8,19-11-2022 03:17
Eta Holdings,Toys,7,81.09,567.63,23-03-2023 07:37
Beta Inc.,Electronics,14,144.49,2022.86,25-12-2023 06:24
Beta Inc.,Books,29,16.14,468.06,20-01-2023 14:26
Iota Partners,Toys,1,115.37,115.37,04-01-2023 02:06
Theta Co.,Electronics,6,10.17,61.02,07-10-2023 18:15
Eta Holdings,Toys,16,146.79,2348.64,20-08-2023 09:18
Delta Enterprises,Books,11,12.19,134.09,11-12-2023 16:21
Kappa Systems,Toys,6,73.71,442.26,24-01-2023 22:57
Zeta Group,Toys,20,46.51,930.2,26-12-2023 17:16
Zeta Group,Electronics,15,42.48,637.2,10-05-2022 22:10
Kappa Systems,Toys,5,21.76,108.8,13-06-2022 04:44
Gamma Ltd.,Books,3,115.52,346.56,12-05-2022 03:08
Theta Co.,Books,16,131.98,2111.68,13-06-2023 10:45
Kappa Systems,Toys,27,68.91,1860.57,16-10-2023 08:58
Epsilon Solutions,Home Goods,26,102.9,2675.4,28-02-2022 09:05
Delta Enterprises,Apparel,26,127.92,3325.92,03-08-2022 02:25
Iota Partners,Toys,2,108.61,217.22,03-04-2022 07:17
Iota Partners,Apparel,10,58.03,580.3,03-10-2023 20:55
Delta Enterprises,Apparel,11,117.76,1295.36,19-02-2023 11:24
Gamma Ltd.,Books,25,21.94,548.5,06-03-2023 17:07
Theta Co.,Electronics,5,132.69,663.45,24-03-2023 01:23
Zeta Group,Toys,3,61.44,184.32,05-09-2023 15:23
Kappa Systems,Toys,1,122.93,122.93,27-03-2022 02:31
Iota Partners,Electronics,12,86.28,1035.36,28-02-2023 22:59
Zeta Group,Electronics,20,124.34,2486.8,16-01-2022 14:51
Iota Partners,Books,18,25.76,463.68,12-04-2023 22:04
Gamma Ltd.,Electronics,8,110.53,884.24,15-10-2023 22:47
Iota Partners,Electronics,12,42.8,513.6,17-05-2022 08:13
Iota Partners,Electronics,2,131.03,262.06,08-04-2023 04:41
Kappa Systems,Home Goods,23,46.29,1064.67,22-02-2022 12:52
Alpha Corp,Electronics,27,111.98,3023.46,03-12-2023 20:49
Iota Partners,Books,4,118.71,474.84,19-02-2023 04:22
Epsilon Solutions,Home Goods,22,125.48,2760.56,13-08-2023 00:02
Eta Holdings,Home Goods,2,70.18,140.36,09-02-2023 10:13
Alpha Corp,Home Goods,5,47.51,237.55,28-11-2022 12:51
Kappa Systems,Books,9,14.6,131.4,12-07-2023 18:58
Delta Enterprises,Toys,28,148.4,4155.2,09-12-2023 13:38
Epsilon Solutions,Electronics,22,55.11,1212.42,08-09-2022 08:03
Zeta Group,Books,15,122.75,1841.25,08-12-2022 06:49
Kappa Systems,Home Goods,29,66.69,1934.01,09-10-2023 21:09
Epsilon Solutions,Apparel,14,114.09,1597.26,11-04-2022 19:19
Beta Inc.,Electronics,20,31.69,633.8,25-01-2023 14:46
Zeta Group,Home Goods,27,15.61,421.47,10-07-2023 18:22
Kappa Systems,Electronics,8,112.42,899.36,28-04-2022 09:28
Gamma Ltd.,Home Goods,3,132.8,398.4,09-09-2023 09:25
Kappa Systems,Home Goods,3,21.9,65.7,18-05-2023 09:02
Delta Enterprises,Toys,11,129.46,1424.06,15-01-2022 15:43
Iota Partners,Home Goods,5,94.7,473.5,17-04-2023 02:20
Gamma Ltd.,Apparel,14,28.02,392.28,01-08-2022 04:45
Alpha Corp,Books,4,29.29,117.16,07-03-2022 21:44
Gamma Ltd.,Books,20,98.53,1970.6,28-09-2022 04:44
Gamma Ltd.,Toys,8,74.5,596,12-09-2022 00:14
Gamma Ltd.,Home Goods,26,84.8,2204.8,07-05-2022 08:58
Eta Holdings,Home Goods,7,113.11,791.77,14-03-2023 16:45
Eta Holdings,Toys,26,47.67,1239.42,03-11-2023 11:03
Theta Co.,Books,11,55.84,614.24,27-11-2023 01:01
Epsilon Solutions,Home Goods,8,55.51,444.08,27-05-2022 22:44
Alpha Corp,Books,13,74.4,967.2,21-01-2022 18:22
Alpha Corp,Electronics,8,36.85,294.8,24-04-2022 17:11
Theta Co.,Home Goods,23,76.1,1750.3,01-09-2023 13:33
Delta Enterprises,Electronics,1,27.63,27.63,28-09-2022 04:42
Zeta Group,Home Goods,27,92.9,2508.3,06-07-2023 21:34
Delta Enterprises,Home Goods,6,136.74,820.44,14-06-2022 22:26
Theta Co.,Books,26,88.12,2291.12,16-09-2022 11:13
Beta Inc.,Toys,17,132.72,2256.24,15-11-2022 23:08
Kappa Systems,Apparel,28,52.66,1474.48,11-07-2022 17:21
Delta Enterprises,Electronics,1,44.92,44.92,28-02-2022 09:32
Eta Holdings,Books,15,65.78,986.7,17-09-2023 19:00
Eta Holdings,Books,26,126.87,3298.62,27-03-2023 01:33
Zeta Group,Toys,19,31.76,603.44,27-08-2022 19:41
Delta Enterprises,Electronics,10,64.23,642.3,29-07-2022 14:16
Eta Holdings,Home Goods,9,27.45,247.05,07-11-2023 08:00
Alpha Corp,Books,14,72.18,1010.52,25-06-2023 00:04
Beta Inc.,Electronics,23,88.95,2045.85,17-08-2023 06:14
Eta Holdings,Home Goods,13,13.58,176.54,23-12-2023 18:49
Gamma Ltd.,Apparel,1,11.72,11.72,11-04-2022 09:56
Delta Enterprises,Electronics,16,92.36,1477.76,28-10-2023 19:39
Theta Co.,Books,29,87.97,2551.13,06-01-2022 22:48
Epsilon Solutions,Electronics,10,67.77,677.7,31-05-2023 21:33
Zeta Group,Home Goods,14,117.34,1642.76,27-08-2022 22:15
Delta Enterprises,Home Goods,25,147.37,3684.25,04-05-2022 15:14
Iota Partners,Home Goods,24,34.54,828.96,22-10-2022 02:52
Alpha Corp,Toys,16,11,176,25-07-2022 00:12
Zeta Group,Apparel,26,125.55,3264.3,05-06-2022 08:55
Beta Inc.,Home Goods,25,33.4,835,18-01-2022 22:04
Delta Enterprises,Toys,24,57.15,1371.6,07-04-2023 17:05
Iota Partners,Electronics,19,34.55,656.45,12-12-2023 20:34
Beta Inc.,Apparel,14,90.35,1264.9,14-10-2023 16:23
Delta Enterprises,Books,14,122.08,1709.12,01-03-2022 12:32
Beta Inc.,Electronics,29,64.83,1880.07,20-03-2022 16:31
Zeta Group,Toys,13,44.59,579.67,02-03-2023 05:32
Epsilon Solutions,Home Goods,6,34.15,204.9,22-03-2022 20:27
Kappa Systems,Apparel,17,137.21,2332.57,19-10-2022 12:27
Theta Co.,Books,21,96.69,2030.49,29-10-2022 16:17
Kappa Systems,Electronics,4,65.09,260.36,05-05-2023 21:17
Eta Holdings,Apparel,22,51.83,1140.26,19-03-2022 08:02
Gamma Ltd.,Apparel,17,128.62,2186.54,28-07-2023 22:10
Iota Partners,Electronics,8,44.48,355.84,12-11-2023 17:26
Epsilon Solutions,Electronics,3,136.07,408.21,15-07-2023 05:16
Eta Holdings,Toys,1,135.48,135.48,08-12-2022 09:45
Zeta Group,Electronics,3,120.01,360.03,12-05-2023 15:18
Zeta Group,Home Goods,8,10.76,86.08,19-04-2023 15:14
Beta Inc.,Apparel,17,49.94,848.98,17-09-2022 04:36
Delta Enterprises,Electronics,5,45.25,226.25,26-01-2022 14:25
Alpha Corp,Apparel,28,138.73,3884.44,29-03-2022 21:51
Theta Co.,Books,1,107.68,107.68,07-02-2023 08:42
Iota Partners,Apparel,13,55.09,716.17,29-03-2022 13:56
Gamma Ltd.,Books,13,65.82,855.66,05-06-2022 07:19
Delta Enterprises,Books,13,100.85,1311.05,02-09-2023 15:53
Theta Co.,Electronics,23,97.83,2250.09,16-05-2022 10:19
Epsilon Solutions,Toys,26,135.49,3522.74,30-07-2023 06:17
Alpha Corp,Electronics,12,114.37,1372.44,14-11-2023 09:11
Theta Co.,Books,26,148.63,3864.38,01-01-2022 17:31
Alpha Corp,Books,13,32.72,425.36,01-07-2022 02:46
Eta Holdings,Toys,17,81.67,1388.39,12-10-2023 15:21
Beta Inc.,Electronics,10,134.13,1341.3,18-05-2022 10:52
Gamma Ltd.,Apparel,18,105.63,1901.34,04-02-2022 00:36
Zeta Group,Electronics,16,85.17,1362.72,25-08-2023 23:53
Gamma Ltd.,Electronics,28,10.18,285.04,29-07-2022 20:37
Eta Holdings,Electronics,29,28.76,834.04,27-08-2023 04:57
Epsilon Solutions,Home Goods,22,128.61,2829.42,10-07-2022 15:59
Gamma Ltd.,Electronics,7,67.26,470.82,21-01-2023 08:00
Zeta Group,Books,19,101.36,1925.84,20-06-2023 02:04
Delta Enterprises,Apparel,9,142.55,1282.95,23-11-2022 22:35
Alpha Corp,Apparel,14,61.06,854.84,24-07-2023 19:14
Gamma Ltd.,Apparel,20,11.87,237.4,06-11-2023 17:02
Alpha Corp,Toys,9,63.67,573.03,10-10-2022 19:26
Beta Inc.,Home Goods,2,111.04,222.08,09-08-2023 01:08
Epsilon Solutions,Toys,20,21.74,434.8,28-03-2023 20:03
Epsilon Solutions,Books,27,97.5,2632.5,18-07-2023 06:45
Beta Inc.,Books,11,121.29,1334.19,06-04-2023 15:32
Theta Co.,Electronics,9,75.76,681.84,29-05-2022 00:27
Alpha Corp,Toys,5,121.45,607.25,04-01-2023 00:21
Alpha Corp,Toys,29,112.11,3251.19,05-11-2022 05:18
Kappa Systems,Books,27,13.99,377.73,22-08-2023 13:22
Zeta Group,Apparel,20,81.11,1622.2,11-04-2022 02:04
Epsilon Solutions,Toys,1,18.97,18.97,14-04-2023 22:14
Kappa Systems,Toys,2,106.68,213.36,17-07-2023 02:55
Zeta Group,Apparel,22,19.44,427.68,29-06-2023 02:27
Kappa Systems,Books,8,116.46,931.68,09-09-2023 23:22
Kappa Systems,Toys,15,84.38,1265.7,12-08-2023 07:53
Delta Enterprises,Electronics,28,46.31,1296.68,29-09-2022 00:52
Kappa Systems,Home Goods,13,58.97,766.61,17-07-2023 21:11
Theta Co.,Electronics,10,81.28,812.8,11-03-2023 16:16
Delta Enterprises,Apparel,21,112.84,2369.64,29-07-2022 18:28
Epsilon Solutions,Home Goods,14,119.3,1670.2,27-02-2023 05:28
Gamma Ltd.,Home Goods,24,87.15,2091.6,13-03-2023 09:54
Zeta Group,Books,23,73.34,1686.82,08-12-2023 18:47
Delta Enterprises,Apparel,6,37.62,225.72,25-03-2023 15:46
Iota Partners,Home Goods,17,100.1,1701.7,26-04-2022 15:44
Delta Enterprises,Electronics,6,11.14,66.84,28-12-2022 06:56
Theta Co.,Apparel,5,72.71,363.55,08-06-2023 12:19
Iota Partners,Books,4,82.18,328.72,17-02-2022 12:27
Zeta Group,Toys,18,91.59,1648.62,22-05-2022 08:48
Alpha Corp,Electronics,16,27.47,439.52,19-12-2022 11:39
Epsilon Solutions,Books,3,110.26,330.78,05-07-2022 05:52
Epsilon Solutions,Home Goods,18,71.57,1288.26,16-03-2023 20:07
Alpha Corp,Electronics,3,68.21,204.63,13-10-2023 19:40
Zeta Group,Electronics,5,89.29,446.45,28-02-2022 18:18
Eta Holdings,Toys,13,51.23,665.99,07-12-2022 06:42
Iota Partners,Books,5,92.17,460.85,28-01-2022 01:01
Eta Holdings,Apparel,22,74.54,1639.88,25-09-2023 09:39
Epsilon Solutions,Electronics,22,69.35,1525.7,08-06-2023 23:47
Kappa Systems,Books,14,101.27,1417.78,12-12-2023 21:08
Iota Partners,Home Goods,29,55.57,1611.53,13-12-2023 13:27
Beta Inc.,Books,5,23.42,117.1,08-11-2023 11:58
Gamma Ltd.,Toys,14,44.83,627.62,28-10-2023 09:42
Alpha Corp,Toys,18,87.97,1583.46,17-02-2023 19:20
Iota Partners,Electronics,21,80.68,1694.28,11-02-2023 00:32
Gamma Ltd.,Electronics,6,141.8,850.8,27-01-2023 12:59
Theta Co.,Toys,8,113.16,905.28,17-12-2023 04:57
Beta Inc.,Home Goods,24,45.26,1086.24,05-07-2023 19:53
Iota Partners,Toys,10,96.08,960.8,28-05-2023 21:16
Beta Inc.,Home Goods,4,120.38,481.52,29-01-2023 11:37
Epsilon Solutions,Electronics,18,25.36,456.48,20-11-2023 13:16
Gamma Ltd.,Books,7,35.38,247.66,01-03-2023 20:39
Iota Partners,Books,22,100.42,2209.24,18-06-2022 02:29
Eta Holdings,Home Goods,19,106.16,2017.04,27-09-2023 01:47
Beta Inc.,Home Goods,28,147.39,4126.92,15-10-2022 03:17
Zeta Group,Electronics,13,20.59,267.67,14-02-2022 13:13
Zeta Group,Electronics,1,133.85,133.85,05-11-2022 12:43
Epsilon Solutions,Electronics,6,119.3,715.8,25-10-2023 19:46
Epsilon Solutions,Electronics,16,27.28,436.48,06-04-2022 17:41
Zeta Group,Electronics,21,59.97,1259.37,25-12-2022 23:05
Alpha Corp,Toys,7,85.08,595.56,09-04-2022 13:58
Theta Co.,Toys,4,62.1,248.4,14-06-2023 08:39
Delta Enterprises,Home Goods,10,136.45,1364.5,10-04-2022 15:20
Eta Holdings,Books,22,105.9,2329.8,22-04-2023 00:14
Kappa Systems,Home Goods,13,103.13,1340.69,15-02-2023 04:06
Delta Enterprises,Home Goods,21,36.59,768.39,19-06-2022 07:14
Alpha Corp,Toys,24,107.01,2568.24,15-10-2022 04:04
Gamma Ltd.,Home Goods,4,143.91,575.64,02-01-2022 13:15
Eta Holdings,Books,13,109.98,1429.74,19-05-2022 21:43
Zeta Group,Books,14,131.43,1840.02,17-12-2023 19:53
Zeta Group,Toys,21,43.43,912.03,05-10-2023 17:45
Iota Partners,Apparel,3,132.83,398.49,07-06-2022 06:58
Kappa Systems,Home Goods,10,76.76,767.6,24-01-2022 23:26
Eta Holdings,Books,24,86.09,2066.16,29-08-2023 10:54
Eta Holdings,Apparel,5,122.97,614.85,09-10-2023 15:31
Kappa Systems,Books,29,139.32,4040.28,23-04-2022 11:33
Epsilon Solutions,Apparel,18,130.73,2353.14,09-05-2023 00:32
Iota Partners,Books,7,101.01,707.07,04-11-2023 23:02
Theta Co.,Books,27,80.04,2161.08,09-01-2022 12:58
Eta Holdings,Apparel,18,56.53,1017.54,15-01-2022 02:51
Epsilon Solutions,Apparel,11,83.33,916.63,03-07-2022 05:32
Iota Partners,Toys,1,66.45,66.45,30-09-2022 10:36
Alpha Corp,Toys,1,117.84,117.84,12-03-2023 18:47
Gamma Ltd.,Apparel,11,34.55,380.05,20-11-2022 01:50
Theta Co.,Home Goods,19,12.92,245.48,22-10-2023 06:41
Kappa Systems,Home Goods,9,145.22,1306.98,16-10-2022 09:04
Alpha Corp,Books,14,59.96,839.44,03-09-2023 06:37
Delta Enterprises,Toys,2,72.78,145.56,02-05-2023 13:46
Zeta Group,Electronics,20,74.37,1487.4,26-09-2022 04:03
Theta Co.,Home Goods,14,62.28,871.92,10-10-2022 12:42
Iota Partners,Home Goods,4,11.87,47.48,03-01-2022 04:23
Alpha Corp,Apparel,22,20.12,442.64,09-04-2023 10:09
Epsilon Solutions,Toys,13,111.77,1453.01,10-05-2023 11:43
